region,mean_residual,mean_observed_z,n_obs,expr_Mapt,expr_Apoe,expr_Trem2
iAnterior amygdalar area,0.09660610138652227,-0.08118643860853506,24.0,1.1455171755604174,-0.582914753636068,-0.7961430261290445
iBasolat amygdalar nucleus,-0.34894126451396384,-0.08118643860853506,24.0,-0.08874578211479657,0.2736198747455051,-0.8068693513217318
iBasomed amygdalar nucleus,-0.2794242096205221,-0.08118643860853506,24.0,0.8686872085359119,0.1280979757770685,-0.8419743064083313
iCentral amygdalar nucleus,0.056726565140525285,-0.08118643860853506,24.0,0.19903421930799733,0.5014764406504584,-0.862339489761804
"iCortical amygdalar area, anterior part",0.06105818570377778,-0.08118643860853506,24.0,0.246647868629463,0.2946464897891008,-0.802754132259352
"iCortical amygdalar area, posterior part",-0.229244037995552,-0.08118643860853506,24.0,0.0395088451292958,-0.1408593267600453,-0.8258610550186806
iIntercalated amygdalar nucleus,0.19171863598130315,-0.08118643860853506,24.0,-0.033226098788253444,-0.28910396642360237,-0.8784954042927783
iLateral amygdalar nucleus,-0.013089960331940228,-0.08118643860853506,24.0,0.08742073059790634,-0.2535746395660379,-0.8652301920069471
iMedial amygdalar nucleus,-0.06060970719075428,-0.08118643860853506,24.0,-0.257108497226086,0.36705595361050103,-0.35987626529649874
iPosterior amygdalar nucleus,-0.11027371451018854,-0.08118643860853506,24.0,0.15174010081857323,1.7183759385696253,-0.7588444702807589
iPiriform-amygdalar area,-0.2046538975169656,-0.08118643860853506,24.0,-0.7755599474119248,-0.3621018552168154,-0.924784955409725
iAnsiform lobule,,,0.0,-3.23385132555094,-3.3151471541099196,-0.986782469826249
iCentral lobule,,,0.0,-2.016451935055812,0.7639777596901083,-0.672068215529515
iCulmen,,,0.0,-1.6439138866228176,0.09569596567861285,-0.5648883867172979
iFlocculus area,,,0.0,-1.9028204665398245,1.4640522078588818,-0.38842964574652294
iNodulus (X),,,0.0,-1.244429070473933,1.2650372525047273,-0.11314371973813454
iParaflocculus,,,0.0,-1.9685321658761075,0.46695490487783764,-0.39562309960806546
iParamedian lobule,,,0.0,-1.5815204281920767,-0.03277427561185109,-0.598017429175359
iPyramus (VIII),,,0.0,-1.1032837241381053,0.2717934761837446,-0.7141208485129262
iSimple lobule,,,0.0,-1.6996894032808885,0.19066659216393023,-0.429269665383239
iDentate nucleus,,,0.0,-1.4071271169536026,0.08862795352097809,-0.5984061428182037
iFastigial nucleus,,,0.0,-1.228384395513698,-0.640781944786376,-0.5316428579894978
iInterposed nucleus,,,0.0,-1.7725903234102993,0.1784283688557362,0.13021158646178907
iClaustrum,,,0.0,0.1622737773202759,-0.35600494933742194,-0.7899212360606784
"iEndopiriform nucleus, dorsal part",,,0.0,0.0550121558079846,-0.25973468460620197,-0.9341721464399876
"iEndopiriform nucleus, ventral part",,,0.0,0.5644357578787026,-0.3208402613896741,-0.9115258252566348
iDentate gyrus,-3.7660858914098623,1.9099790991519743,24.0,0.5874746276460068,0.7919917485470729,0.688435529274607
iField CA3,-1.0472688043509695,2.266761071006631,24.0,0.32869168411418204,-0.3240854655821483,0.279678570641447
iField CA2,,,0.0,-0.8784719183762861,-0.05451803573295264,0.046365114373225186
iField CA1,-0.5183429770025224,3.508194747770301,24.0,0.02641374553751115,-0.4611673580894297,-0.0517595017798575
"iSubiculum, dorsal part",-1.2603892935632866,1.7677664930325765,24.0,0.25195900571985674,-0.17206099516896198,0.28766935613778927
"iSubiculum, ventral part",-1.2632822918843614,1.7677664930325765,24.0,0.9032904201144326,0.17922244402540274,0.08621165673594014
iPresubiculum,-1.5357994103401047,1.7677664930325765,24.0,-0.2209063376849234,0.7140141019401184,2.6886561678053535
iParasubiculum,-1.4966347893175016,1.7677664930325765,24.0,-0.1047926072189218,0.5948961657091726,4.048998552858048
iPostsubiculum,-1.3491377650272263,1.7677664930325765,24.0,-0.2873878195776745,0.5855893804341413,0.9569318405930631
"iEntorhinal area, lateral part",-0.015151222888337396,1.0552508896147343,24.0,0.8145635446760354,0.46402424643669593,0.27886810773230836
"iEntorhinal area, medial part, dorsal zone",-0.7002297417502629,1.0552508896147343,24.0,0.8815800452588695,0.7993173423548947,1.0932758996058083
iAnterior hypo nucleus,-0.1037452850281259,0.2148845778179206,24.0,1.0185151002517798,-0.42702156999934854,-0.9285457298854816
iArcuate hypo nucleus,0.5474430011847823,0.2148845778179206,24.0,-0.1956408272453751,1.4036187581646342,0.62241014472256
iDorsomedial nucleus of the hypo,0.3543769928631087,0.2148845778179206,24.0,0.19071330862710387,1.8560146723624253,-0.4134389846793518
iLateral hypo area,-0.3296753280793203,0.2148845778179206,24.0,0.22362906004518973,-0.07392386307961789,-0.7535617587455536
iLateral preoptic area,0.0009946582047549262,0.2148845778179206,24.0,0.6400365185142741,1.3762599884234248,-0.9161037184064518
iMedian preoptic nucleus,0.40016068330233684,0.2148845778179206,24.0,0.9994585687215894,1.588257883507373,-0.7726809188011771
iMedial mammillary nucleus,-0.5411341066513554,0.2148845778179206,24.0,-0.768425572633959,-0.13514976359185177,0.31435859859277887
iMedial preoptic nucleus,0.5268526380999875,0.2148845778179206,24.0,1.5535981531337784,2.377119725301014,-0.9779851427314799
iMedial preoptic area,0.17273250158370038,0.2148845778179206,24.0,1.5094829256443811,1.9830557053252345,-0.9136877908859182
iPosterior hypo nucleus,0.03146900563339528,0.2148845778179206,24.0,0.05144519806167036,-0.5883010126740951,-0.4756069386411039
iDorsal premammillary nucleus,0.5069215237367406,0.2148845778179206,24.0,0.6800844292674697,-0.9994252868099225,-0.6908282405449171
iParaventricular hypo nucleus,0.4093665184495916,0.2148845778179206,24.0,1.0097857055051305,0.7620559045646538,-0.8685917771057514
"iPeriventricular hypo nucleus, posterior part",0.4038770892818055,0.2148845778179206,24.0,-0.09552603397707783,-1.1810174305899532,1.1094097900499051
"iPeriventricular hypo nucleus, preoptic part",0.5790175976949316,0.2148845778179206,24.0,1.2137483514692124,3.487414498466554,-0.9737045823717755
iRetrochiasmatic area,0.39089751943340584,0.2148845778179206,24.0,-0.39092197133435924,0.6042590295810394,-0.506178331079165
iSubparaventricular zone,0.5108350250162834,0.2148845778179206,24.0,0.10055519973497419,1.9869720116630811,-0.8959281725530623
iSubthalam nucleus,0.5475709622820311,0.2148845778179206,24.0,-0.2868975203573685,-1.605785486981577,-0.6453851385824864
iSupramammillary nucleus,0.29024620400848583,0.2148845778179206,24.0,-1.278470707973484,0.39679935881183315,-0.18371470632273557
iTuberal nucleus,0.294774989430076,0.2148845778179206,24.0,-0.8752526203640462,0.8615647412436643,-0.2864733278404048
iVentromedial hypo nucleus,0.4435749665643045,0.2148845778179206,24.0,0.2523823275601285,1.2011355918651048,-0.11957604249659204
"iAnterior cingulate area, dorsal part",,,0.0,1.3608922342986722,-0.4084601787335884,0.7375625006346561
"iAnterior cingulate area, ventral part",,,0.0,0.37334751736023936,-0.2318215976822177,0.07856055053956273
"iAgranular insular area, dorsal part",-0.13700732648111733,-0.3746026912215407,24.0,1.6652880486632786,-0.07945383862987185,-0.5446113167229149
"iAgranular insular area, posterior part",-0.234902033372822,-0.3746026912215407,24.0,1.4779364363656573,0.21786856191622825,-0.9866190430930823
"iAgranular insular area, ventral part",-0.31886847218897363,-0.3746026912215407,24.0,1.1367674681169773,0.005831159466922134,-0.6430191458183344
iDorsal auditory area,1.4420383871078257,1.2585633723079261,24.0,0.5839004097618015,-0.8564301127929622,-0.6444892737187623
iPrimary auditory area,1.4260942285526899,1.2585633723079261,24.0,0.5126648284418034,-0.9023020765482143,-0.8083744812921128
iVentral auditory area,1.4533829186904335,1.2585633723079261,24.0,1.0768734609473232,-0.5603835793667356,-0.9198844801304045
iEctorhinal area,0.18968901055828521,0.6651554264783004,24.0,0.9109820824854944,0.24379454110371007,0.281673163411846
"iFrontal pole, cerebral cortex",,,0.0,-3.23385132555094,1.7989623532216603,0.2870983398748955
iGustatory areas,,,0.0,1.4376104427994159,0.33049493477507913,-0.7580263360225155
iInfralimbic area,,,0.0,0.4401896660938958,0.006892253077548585,-0.289602965400963
iPrimary motor area,0.20432740386927736,-0.015184379129751195,24.0,0.9819558635802942,-0.5065992240711994,0.01592890181106694
iSecondary motor area,,,0.0,1.4073124402478157,-0.26903562189373675,0.6814817400118741
"iOrbital area, lateral part",,,0.0,1.3536930942468817,-0.3336650636159699,-0.14509336447122753
"iOrbital area, medial part",,,0.0,1.854512453492889,0.03363796319895104,0.11595869120580082
"iOrbital area, ventrolateral part",,,0.0,1.6915400123522473,0.2166222834779761,1.6904014519266592
iPerirhinal area,0.4800016598676105,0.6651554264783004,24.0,1.2612409884863134,-0.20310290692623365,-0.3043614649589895
iPrelimbic area,,,0.0,1.3334616532871422,-0.12098240968960852,0.1320876581631093
iPosterior parietal association areas,1.0379889226870402,0.9728362746472657,24.0,-0.01403690846662861,-1.0075085230185985,1.0775423019760146
"iRetrosplenial area, lateral agranular part",,,0.0,0.9037124380698387,-0.8193130206323327,0.6748357369146443
"iRetrosplenial area, dorsal part",,,0.0,0.239704366560831,-0.8605489568633667,1.4152870012300376
"iRetrosplenial area, ventral part",,,0.0,1.0361728441835731,-0.7198702242383929,1.5116146837267828
"iPrimary somatosensory area, barrel field",-0.1882043135192671,-0.3779792928115761,24.0,0.5694492571111697,-0.9404063259046863,-0.8038051577134696
"iPrimary somatosensory area, lower limb",-0.12254066287194836,-0.3779792928115761,24.0,1.358656804044485,-0.6332223281778873,-0.4526968028515413
"iPrimary somatosensory area, mouth",-0.07947234563991337,-0.3779792928115761,24.0,0.7126664414038709,-0.613755631399866,-0.7574870471681362
"iPrimary somatosensory area, nose",-0.041238981034589804,-0.3779792928115761,24.0,-0.8319245006767104,-0.32319836983948275,-0.7355574804930279
"iPrimary somatosensory area, trunk",-0.26085396523941445,-0.3779792928115761,24.0,0.276818065192815,-0.4190293913769144,0.06478404600982295
"iPrimary somatosensory area, upper limb",-0.12309341847188,-0.3779792928115761,24.0,0.7044255626687647,-0.8669250298244647,-0.790797007173463
iSupplemental somatosensory area,,,0.0,1.2849802648491757,-0.4280011816306752,-0.8417055406127084
iTemporal association areas,,,0.0,0.8829806537161485,-0.03354701142772377,-0.13471888530499582
iAnterolat visual area,,,0.0,1.0083911165751993,-0.8262686946098895,-0.614153465333833
iAnteromedial visual area,,,0.0,0.6410669626664972,-0.972334805102671,0.6253876491247181
iVisceral area,,,0.0,1.7276573601284066,-0.2207268744133602,-0.9846540496230697
iLateral visual area,,,0.0,1.2652369695514676,0.08609786443675059,0.7290249720631543
iPrimary visual area,,,0.0,0.4322209588500421,-0.26641024906191224,0.05002515577909591
iPosterolat visual area,,,0.0,-1.1313946054515676,0.5819349315152125,-0.6360905464687986
iposteromedial visual area,,,0.0,0.7251771213939603,0.3221027138636819,1.1966747064206444
iNucleus ambiguus,0.13450833490539568,-0.2439130769232267,24.0,-0.23278219322642174,-0.2485719861553452,-0.40600621640313644
iDorsal cochlear nucleus,0.1307508874480978,-0.2439130769232267,24.0,-1.6979529763355696,1.3792456514556923,0.7456992641214001
iGigantocellular reticular nucleus,0.10084433126897191,-0.2439130769232267,24.0,-0.7820939917946339,-0.7889190631829661,-0.7636097961071676
iInferior olivary complex,0.09884754099367883,-0.2439130769232267,24.0,-1.2398748231336782,0.41332062017827104,-0.6054283630530082
iIntermediate reticular nucleus,0.10654438726125619,-0.2439130769232267,24.0,-0.3556795313013081,-0.18771687918050647,-0.7114756725416881
iLateral vestibular nucleus,0.1296318238823446,-0.2439130769232267,24.0,-1.3498677767054985,-0.12233595526046345,-0.06912220299974267
iLateral reticular nucleus,0.1284830571169305,-0.2439130769232267,24.0,-0.26851351973270987,0.11586196230784199,-0.8766623008234813
iMagnocellular reticular nucleus,0.11422269390196992,-0.2439130769232267,24.0,-0.6016331264927498,-0.5304175143517611,-0.6192316627421761
"iMedullary reticular nucleus, dorsal part",,,0.0,0.8205949893558881,0.7454068004868557,-0.863862583008091
"iMedullary reticular nucleus, ventral part",,,0.0,-0.3901346617898033,-0.15077667428049607,-0.8487548319489892
iMedial vestibular nucleus,0.1312567515554134,-0.2439130769232267,24.0,-0.4176118261418274,2.4018940114569096,0.4611542447927533
iNucleus of the solitary tract,0.1233750327235178,-0.2439130769232267,24.0,1.357919989600203,1.2181234954010798,-0.35225110089115524
iParvicellular reticular nucleus,0.11743294538344941,-0.2439130769232267,24.0,-0.3874894758380252,-0.01143557875009146,-0.6428762039793953
"iParagigantocellular reticular nucleus, dorsal part",0.13055685594332844,-0.2439130769232267,24.0,-1.2560974065522266,-0.262254783145382,-0.7989241100691316
"iParagigantocellular reticular nucleus, lateral part",0.10377790679371357,-0.2439130769232267,24.0,-0.5088889338112176,-0.3207244809435905,-0.36896931561919455
iNucleus prepositus,0.13384474692452755,-0.2439130769232267,24.0,-0.4036327065206679,3.3780356215280354,-0.21046288605190328
iNucleus raphe magnus,0.12636781073505252,-0.2439130769232267,24.0,-1.2260737269010846,-0.03163776336940024,-0.7910749306861921
iSpinal vestibular nucleus,0.13044752551819344,-0.2439130769232267,24.0,-0.34857402123878667,0.30132380342373344,-0.08337680532859075
"iSpinal nucleus of the trigeminal, caudal part",0.1307033723261717,-0.2439130769232267,24.0,0.7933326466158935,1.1609886483120186,-0.7785956742105604
"iSpinal nucleus of the trigeminal, interpolar part",0.12725927575903043,-0.2439130769232267,24.0,-0.13303599877722921,-0.3997199734169609,-0.3505268772800154
"iSpinal nucleus of the trigeminal, oral part",0.1302054483221544,-0.2439130769232267,24.0,-1.229963205017204,-0.10839414644291934,-0.4726514201625429
iSuperior vestibular nucleus,0.12941631931498226,-0.2439130769232267,24.0,-1.6989454651051417,0.03199662235929532,0.5429184002124356
iVentral cochlear nucleus,0.1174318930792248,-0.2439130769232267,24.0,-2.3348933933473854,1.9967936414375227,0.7342027866335554
iFacial motor nucleus,0.1277483513174945,-0.2439130769232267,24.0,-1.1263394209728188,-0.2537875230792183,0.08603743065073552
iHypoglossal nucleus,0.1332308220643863,-0.2439130769232267,24.0,-0.04219731150244293,0.9752909137862287,-0.7919156076263228
iAnterior pretectal nucleus,,,0.0,-0.25309083196346854,-1.0393926925969605,-0.6711073624190952
iCentral linear nucleus raphe,,,0.0,-0.6281846420554539,-0.8638223683201058,-0.6802721167624094
iCuneiform nucleus,,,0.0,-0.5453167850295902,0.02912617955148674,-0.7076170851569331
iDorsal nucleus raphe,,,0.0,0.25664548968741935,1.1661493225978221,0.5961230327090866
"iInferior colliculus, central nucleus",,,0.0,-0.5944524788983128,-0.35875536978830935,-0.11389452165448855
"iInferior colliculus, dorsal nucleus",,,0.0,-0.7858275438133177,0.9877644305084149,0.46621448483545946
"iInferior colliculus, external nucleus",,,0.0,-1.1434948461982835,-0.2764019612926445,-0.10748851882291655
iInterpeduncular nucleus,,,0.0,1.5394973044050067,0.714758725947151,-0.1424015431011201
iMedial pretectal area,,,0.0,-1.2791296730510582,3.618715187042338,1.0640808571921863
iMidbrain reticular nucleus,,,0.0,-0.14239034505258052,-0.7514446819127636,-0.6262069863914476
iNucleus of the optic tract,,,0.0,0.8393676491103441,-1.3754995672750823,-0.4058662464611925
iNucleus of the posterior commissure,,,0.0,-2.0007895669322253,-0.05197951798023591,-0.12493169263641052
iPeriaqueductal gray,,,0.0,0.313152795927897,0.784472514558999,-0.005492041981060083
iPedunculopontine nucleus,,,0.0,-0.2817696498085244,-0.24835578737461342,-0.6966021770859887
iRed nucleus,,,0.0,0.18306233811806755,-1.4053987784218227,-0.7139823796718648
"iMidbrain reticular nucleus, retrorubral area",,,0.0,-0.08101307942462233,-0.3884590834326637,-0.20996353045555685
"iSuperior colliculus, motor related",,,0.0,0.0600272135090589,-0.5727496037533655,-0.32766308364535157
"iSuperior colliculus, sensory related",,,0.0,-0.034998342940847645,0.46787540727018584,1.0829502716471062
"iSubstantia nigra, compact part",,,0.0,0.8210511293117715,-0.5276970586668377,-0.5978374484089691
"iSubstantia nigra, reticular part",,,0.0,-0.37399291666325607,-0.4940053162532869,-0.058242017334309185
iVentral tegmental area,,,0.0,0.39401760078079984,-1.3923213093574616,-0.5588055624965509
iAccessory olfactory bulb,,,0.0,0.3043254242812857,-0.25658108289844006,0.8757388637001498
iAnterior olfactory nucleus,,,0.0,-0.03621714550995154,0.23248433482900344,0.2823714299987043
iDorsal peduncular area,,,0.0,0.46364743560384075,0.2118501747891526,0.08553945290869033
iMain olfactory bulb,,,0.0,-1.8514048989011258,-1.2263148329893143,-0.6197299828180444
iNucleus of the lateral olfactory tract,,,0.0,0.9767519705542269,-0.7683103064945113,-0.489939139240565
iPiriform area,-0.47662029259174704,-0.2271755032142944,24.0,1.1557249232852393,0.10369492260365223,-0.8338883301450277
iPostpiriform transition area,,,0.0,1.6525295260492099,-0.05822213321447542,-0.6006222627995595
iTaenia tecta,,,0.0,0.6688981059837107,0.24386389192183905,0.3003476673181644
iBed nuclei of the stria terminalis,,,0.0,0.6911476160990587,1.8621112607595296,-0.9393476362383406
"iGlobus pallidus, external segment",-0.46354796101668055,-0.7432511437560504,24.0,-0.8668132723859284,-0.47835134603560414,-0.9385909808600624
"iGlobus pallidus, internal segment",-0.4848513159005201,-0.7432511437560504,24.0,-1.2335217824002702,0.0836383296558446,-0.9587126214763495
iMagnocellular nucleus,,,0.0,1.3059355343528296,-0.1427983688447506,-0.9575016268827684
iMedial septal nucleus,,,0.0,0.18777592260763198,0.19112004019001433,-0.8198344653891103
iDiagonal band nucleus,,,0.0,0.10668019625584349,0.6266211086579068,-0.2518600538575326
iSubstantia innominata,,,0.0,-0.00586169647182742,0.2570005862439094,-0.7858498125487051
iTriangular nucleus of septum,,,0.0,-0.7996762472070131,0.2220116371932273,-0.7678641421360727
iSuperior central nucleus raphe,-0.11646751921169074,-0.2439130769232267,24.0,-0.5947860231180445,0.14521158012769056,0.6305673968077853
iNucleus incertus,0.11494032597926211,-0.2439130769232267,24.0,-1.5450801805166823,2.2443170645262516,-0.2115731989428735
iNucleus of the lateral lemniscus,0.07348462944807022,-0.2439130769232267,24.0,-1.399981777081704,-0.02870204122135584,-0.11226324582221345
iParabrachial nucleus,0.09965793428833541,-0.2439130769232267,24.0,-0.3966254153541636,1.2004564271084028,-0.560063384199542
iPontine central gray,0.07992538166817299,-0.2439130769232267,24.0,-1.3888740813247944,2.3711242396424765,0.4597351580473741
iPontine gray,0.09287224973237508,-0.2439130769232267,24.0,0.17640652857124053,0.2690796325353483,2.2034749798939477
"iPontine reticular nucleus, caudal part",0.0720947646883849,-0.2439130769232267,24.0,-1.087646065008037,0.029579045284241816,-0.6555558641414091
iPontine reticular nucleus,0.05685446550166961,-0.2439130769232267,24.0,-1.0754885375305676,-0.5138417056489403,-0.06030807454552259
iPrincipal sensory nucleus of the trigeminal,0.12533464747331605,-0.2439130769232267,24.0,-1.3823889061620758,-0.2284949807954918,-0.7487488567668057
iSuperior olivary complex,0.1164523967454134,-0.2439130769232267,24.0,-1.200519611255401,0.09840337532195904,-0.14525125308840697
iSupratrigeminal nucleus,0.13176894299519193,-0.2439130769232267,24.0,-1.0552656863932675,1.2635608766711441,0.13997761810145695
iTegmental reticular nucleus,0.10711059037886471,-0.2439130769232267,24.0,-0.2822333229870536,-0.015464670683564267,0.9148824039634015
iMotor nucleus of trigeminal,0.13125930866214544,-0.2439130769232267,24.0,-1.1708693264368495,0.07661277397699595,-0.46208684455624355
iNucleus accumbens,,,0.0,-0.8761532634418235,0.3582198211188717,-0.7247585511450879
iCaudoputamen,-0.6913770184296846,-0.6261413973499897,24.0,-0.9845395351785828,-0.11563769743324279,-0.6849664168215444
iFundus,,,0.0,0.24518320721050826,-0.10263022225101097,-0.9867059576415403
"iLateral septal nucleus, caudal (caudodorsal) part",,,0.0,-0.776338199188558,1.2026407866231088,-0.7101574474574173
"iLateral septal nucleus, rostral (rostroventral) part",,,0.0,-0.07965430227019886,1.0547225570538772,-0.635523089824391
"iLateral septal nucleus, ventral part",,,0.0,-0.3760233133209694,2.0496754290099006,-0.9293174753742067
iOlfactory tubercle,,,0.0,-1.418355769217859,0.0768206883351684,-0.10574453484511874
iSeptofimbrial nucleus,,,0.0,-1.111393857749198,0.5085402020647649,-0.6702229929783105
iAnterodorsal nucleus,,,0.0,0.47775270367193556,1.129797298100598,-0.2915018266503762
"iAnteromedial nucleus, dorsal part",,,0.0,0.22176566856678487,-1.0258709117173601,-0.9244455066177182
"iAnteromedial nucleus, ventral part",,,0.0,0.4098347152490776,-1.4994559485795393,-0.9537147558868508
iAnteroventral nucleus of thalamus,,,0.0,0.2081829225389202,-0.9945563967460294,-0.9000064618538426
iCentral lateral nucleus of the thalamus,,,0.0,-0.9206633726135778,-0.5172021249934927,-0.32106844834748566
iCentral medial nucleus of the thalamus,,,0.0,0.7178600915628975,-1.2750621961580348,0.07892919573451122
iIntermediodorsal nucleus of the thalamus,,,0.0,1.2050604185795526,-0.31885669583197884,1.7825441655935863
iLateral dorsal nucleus thalamus,,,0.0,-0.10116231915850936,0.14587207184005105,-0.3487118709328846
iDorsal part of the lateral geniculate complex,,,0.0,-0.045533084214045436,-1.294360631591873,2.3435661242286634
iVentral part of the lateral geniculate complex,,,0.0,-0.6717885624221008,-0.6856834806109692,-0.27346488207705966
iLateral habenula,,,0.0,-0.8752875307524086,0.31613504945612947,0.3809945491375128
iLateral posterior nucleus of the thalamus,,,0.0,-0.9050968655036217,-1.4477701023033263,-0.06027016818268282
iMediodorsal nucleus of thalamus,,,0.0,-0.28663176486935765,-0.477828628387744,0.1720207969173643
"iMedial geniculate complex, dorsal part",,,0.0,0.7909232337554414,-0.6882564402766986,-0.18515004961240933
"iMedial geniculate complex, medial part",,,0.0,0.8259773264104663,-1.7409623549516218,-0.9008253689400011
"iMedial geniculate complex, ventral part",,,0.0,0.42704821465143483,-0.5932791209087737,-0.25180693226531303
iMedial habenula,,,0.0,-1.0601482092123322,2.3407125782912757,4.077692665596936
iParafascicular nucleus,,,0.0,1.0624721198582756,-2.1077378353267733,-0.523783708290643
iPosterior complex of the thalamus,,,0.0,-1.1382589915727992,-1.467862520540357,-0.7127143424006548
iPosterior limiting nucleus of the thalamus,,,0.0,0.993515330169073,-1.5132949517317094,-0.9845279386917043
iPeripeduncular nucleus,,,0.0,1.0864269735042724,-0.8132803619685991,0.36441023876401896
iParataenial nucleus,,,0.0,1.59306975970797,-2.8632042525954384,-0.8308551365485857
iParaventricular nucleus of the thalamus,,,0.0,1.0946110651167065,0.47463098113207774,0.6285408989480468
iNucleus of reunions,,,0.0,1.1861027364205134,-0.16056738777516738,-0.585235268207201
iRhomboid nucleus,,,0.0,0.658906414556929,-0.048851870622548504,-0.30089298259252495
iReticular nucleus of the thalamus,,,0.0,-0.6089716915124173,-0.7336252631973577,-0.919112424274111
iSubmedial nucleus of the thalamus,,,0.0,-0.01043273006367239,-0.5817232524079179,-0.6786609969518127
iSubparafascicular area,,,0.0,0.535015186492749,0.32621816181124264,-0.34344595258744215
"iSubparafascicular nucleus, magnocellular part",,,0.0,1.1318303903727869,-0.7526543073906012,-0.3689149927581112
"iSubparafascicular nucleus, parvicellular part",,,0.0,-0.08399642673543946,-1.01213482258709,-0.8838209118833366
iVentral anterior-lateral complex of the thalamus,,,0.0,-0.6301784169986081,-0.5998820452190473,-0.5538474422144777
iVentral nucleus thalamus medial,,,0.0,-0.4181381761721592,-1.08952570285506,-0.6029968879979858
iVentral nucleus thalamus posterolateral,,,0.0,-0.9897659120391669,-0.47264757977297805,-0.8455200372271334
iVentral nucleus thalamus,,,0.0,-1.0671920233589778,-0.7840232099312868,-0.5419756583228292
iVentral nucleus thalamus posteromedial parvicellular part,,,0.0,0.39036208435399844,-2.428723214077297,-0.8314978179519652
cAnterior amygdalar area,0.026979336721127508,-0.29288278391881,24.0,1.2670352447809434,-0.7688879411006082,-0.8039090498695413
cBasolat amygdalar nucleus,-0.12210292219390444,-0.29288278391881,24.0,0.06599567482168987,0.4800268509855362,-0.16951255648599112
cBasomed amygdalar nucleus,-0.017535430358651568,-0.29288278391881,24.0,0.7803866122739207,0.21747099470150194,-0.1536093394195877
cCentral amygdalar nucleus,0.019976060391086865,-0.29288278391881,24.0,0.29246757400124646,0.6728730551162552,-0.016610425289225524
"cCortical amygdalar area, anterior part",0.02530890808969961,-0.29288278391881,24.0,1.2759242506355088,-0.07711530131034984,-0.20603778450255253
"cCortical amygdalar area, posterior part",-0.04180811785443981,-0.29288278391881,24.0,0.05576262507018532,-0.025614305473904402,-0.04093078384465569
cIntercalated amygdalar nucleus,0.05267680317599758,-0.29288278391881,24.0,0.5293949735558365,0.09064451114563392,-0.24827701653805956
cLateral amygdalar nucleus,0.012598210045945052,-0.29288278391881,24.0,-0.6631214613141757,-0.3080406763376598,0.24238416335779198
cMedial amygdalar nucleus,0.019180738902212852,-0.29288278391881,24.0,-0.040013557236418786,0.3039174778725318,-0.6005258370388407
cPosterior amygdalar nucleus,0.026779385279823025,-0.29288278391881,24.0,0.43209473603957194,1.8679621187151336,-0.03318146920562054
cPiriform-amygdalar area,-0.05593605586915917,-0.29288278391881,24.0,-0.9885622636343075,-0.6754012086836938,0.5259001056895927
cAnsiform lobule,,,0.0,-3.23385132555094,-3.3151471541099196,-0.986782469826249
cCentral lobule,,,0.0,-2.192973483969245,0.45062656883912783,-0.6392675322604562
cCulmen,,,0.0,-1.6314507295689908,0.0019990881867036304,-0.6837017003140344
cFlocculus area,,,0.0,-1.3356494207774967,1.3582629257261407,0.49155489821757675
cNodulus (X),,,0.0,-0.8762142709029738,1.2085089622470913,-0.45354364742401665
cParaflocculus,,,0.0,-1.6493831251773277,0.3399958642374162,0.034356438945791004
cParamedian lobule,,,0.0,-1.195438102992963,-0.024122366231328417,-0.22604378432909558
cPyramus (VIII),,,0.0,-1.0127662067405354,0.2674918727949366,-0.7304736536504963
cSimple lobule,,,0.0,-1.3057528663176308,0.12108293198142024,-0.4854402167945532
cDentate nucleus,,,0.0,-0.8119038742481431,0.10897108037535458,-0.6126187696562856
cFastigial nucleus,,,0.0,-1.1365712883460237,-0.7745344650531284,-0.7527415480012216
cInterposed nucleus,,,0.0,-1.4421302162325926,0.21747536412110036,0.5589987193739012
cClaustrum,,,0.0,0.08398804890502842,-0.43015879101821347,0.8978287878325748
"cEndopiriform nucleus, dorsal part",,,0.0,0.1595697288075116,-0.11738821755824698,0.20276877781272873
"cEndopiriform nucleus, ventral part",,,0.0,0.6881130263972186,-0.3027730965416495,-0.5180940502984012
cDentate gyrus,-3.1639077695513573,-0.014788209867619542,24.0,0.6197764987029785,0.5666892449112858,1.0628035649713712
cField CA3,-0.89238151751929,1.10638192260704,24.0,0.5238575390797384,-0.3834044467545068,0.7904091326277252
cField CA2,,,0.0,-0.7131443641383368,-0.032037805366834045,0.49512898984977105
cField CA1,-1.1839011181013017,0.9763625053797013,24.0,-0.1727389504924469,-0.5892068975591545,-0.01294131208402122
"cSubiculum, dorsal part",0.16942338222351117,0.4838244921017764,24.0,0.5475637895499752,-0.3323543727571534,0.4902616444841524
"cSubiculum, ventral part",-0.1419574347326559,0.4838244921017764,24.0,0.7421931414329641,0.03581831387513906,0.13846002870230378
cPresubiculum,0.5017154643518488,0.4838244921017764,24.0,-0.01529445351021537,0.13604276686713934,0.5393170436814808
cParasubiculum,0.23269169433812167,0.4838244921017764,24.0,-0.3735404958254851,0.0974611665397537,1.387596230922393
cPostsubiculum,0.4375387845660787,0.4838244921017764,24.0,-0.2506388705930845,0.21066973540935616,0.8347742465454395
"cEntorhinal area, lateral part",-0.0909577868763674,0.1790365487599653,24.0,1.017647436413287,0.17745707885682344,0.3460580197033157
"cEntorhinal area, medial part, dorsal zone",-0.6116505875726117,0.1790365487599653,24.0,-0.8451408831458559,0.5379016413359475,1.4518276049503365
cAnterior hypo nucleus,0.033041341432404565,-0.22589775304236467,24.0,1.1716833729442535,-0.5292904330868096,-0.7204581204642445
cArcuate hypo nucleus,0.136519422613297,-0.22589775304236467,24.0,-0.22569593754582404,2.0066067301045276,-0.32296761865190143
cDorsomedial nucleus of the hypo,0.0728203972378136,-0.22589775304236467,24.0,-0.0683161427425147,1.761811785053868,-0.42450716383459697
cLateral hypo area,-0.07097776586399333,-0.22589775304236467,24.0,0.06593953367445629,-0.05223653753027003,-0.42493734358666635
cLateral preoptic area,-0.044668773305321256,-0.22589775304236467,24.0,0.6310737575055367,1.4278414908448658,-0.5407251114248928
cMedian preoptic nucleus,0.04681986992641695,-0.22589775304236467,24.0,1.3185767484585065,1.3812668934616952,-0.02675305265342028
cMedial mammillary nucleus,-0.7821113346441263,-0.22589775304236467,24.0,-1.083441396379287,0.029173156267956503,0.4364610335375719
cMedial preoptic nucleus,0.14188769721597802,-0.22589775304236467,24.0,1.6381219591472456,2.259286391467897,-0.9227313058794432
cMedial preoptic area,0.014868379531953914,-0.22589775304236467,24.0,1.5024052173370992,1.7583047027445005,-0.7586992225911481
cPosterior hypo nucleus,-0.27214564742867986,-0.22589775304236467,24.0,-0.059384634232507394,-0.3161422039940164,-0.377320573825162
cDorsal premammillary nucleus,0.1112381716295483,-0.22589775304236467,24.0,0.7691480598169215,-0.7546258524760583,-0.6180120012751692
cParaventricular hypo nucleus,0.10378019851380095,-0.22589775304236467,24.0,1.0805495009929942,0.7063491689678019,-0.7368114373815369
"cPeriventricular hypo nucleus, posterior part",-0.06092325427116201,-0.22589775304236467,24.0,-0.27638742661446203,-1.2793121133187442,-0.19215005590106057
"cPeriventricular hypo nucleus, preoptic part",0.13999223067853475,-0.22589775304236467,24.0,0.8042029612604092,3.5281457440570776,-0.939712102127386
cRetrochiasmatic area,0.09031721920844886,-0.22589775304236467,24.0,-0.4043700708913039,0.7088536240945629,-0.9364592197388201
cSubparaventricular zone,0.14016471147702989,-0.22589775304236467,24.0,0.3859869636998764,1.9302534854908615,-0.7648070595718501
cSubthalam nucleus,0.13667829819575947,-0.22589775304236467,24.0,-0.2443886296891221,-1.5296783169304737,-0.22851995074682954
cSupramammillary nucleus,-0.05264951520912272,-0.22589775304236467,24.0,-1.5869531946849817,0.8348344392425469,0.8222624340949084
cTuberal nucleus,0.07307507496898923,-0.22589775304236467,24.0,-0.8067490240512285,0.8277862198834276,-0.5729074955725137
cVentromedial hypo nucleus,0.13499887251019374,-0.22589775304236467,24.0,0.23992621228356537,1.2199550660562426,-0.1269614670018589
"cAnterior cingulate area, dorsal part",,,0.0,1.6366866283659884,-0.3587881828727508,2.2566534948770554
"cAnterior cingulate area, ventral part",,,0.0,0.618267838377819,-0.2631855247545866,0.8764854463304849
"cAgranular insular area, dorsal part",0.014212573443917515,-0.2677544176013807,24.0,1.9456200988308598,-0.21579125297157814,2.0797582951620455
"cAgranular insular area, posterior part",0.015635589946033448,-0.2677544176013807,24.0,1.8130257751181378,-0.056672191189053464,-0.4626573092278367
"cAgranular insular area, ventral part",-0.005756617632811851,-0.2677544176013807,24.0,1.1617279308601425,0.0768133167930606,1.018126311159478
cDorsal auditory area,1.210679713465565,0.9500151737027287,24.0,0.6714110090980542,-0.9022617318503487,-0.7052756186930621
cPrimary auditory area,1.241977390825066,0.9500151737027287,24.0,0.7437978308023764,-1.0339411620629473,-0.7938815241384629
cVentral auditory area,1.201570881082615,0.9500151737027287,24.0,1.4676928952896278,-0.7421799815238657,-0.7389682970332555
cEctorhinal area,0.6239303482498871,0.8474467320046725,24.0,0.42596276342740313,-0.10237101042874275,-0.37108474975542144
"cFrontal pole, cerebral cortex",,,0.0,-1.9791699942318517,1.1770763235323116,2.352799266116349
cGustatory areas,,,0.0,1.6000952309087542,-0.05612869552248535,-0.033883374627455026
cInfralimbic area,,,0.0,0.3310609820350704,0.14060172048331063,0.8387924704465994
cPrimary motor area,-0.07850893754546294,-0.33168693080524103,24.0,1.3608087765881862,-0.5196404752326852,1.8546685651950818
cSecondary motor area,,,0.0,1.7186990828096647,-0.28764692387555074,2.152492648454096
"cOrbital area, lateral part",,,0.0,1.3552030253778449,-0.5388917496947274,2.071665418279514
"cOrbital area, medial part",,,0.0,2.4005129983792153,-0.16278916955431347,1.3374838208106912
"cOrbital area, ventrolateral part",,,0.0,1.4975119223270383,-0.01962010447593626,2.0643679214414243
cPerirhinal area,0.9944268175397987,0.8474467320046725,24.0,1.5843831199387621,-0.49296444817122664,-0.29884434715065517
cPrelimbic area,,,0.0,2.052826434148843,-0.10319331618737007,1.250103272113272
cPosterior parietal association areas,0.47235458359724664,0.24426508876102426,24.0,0.18739654982896833,-1.1062448487622434,0.4075462834029852
"cRetrosplenial area, lateral agranular part",,,0.0,0.984124164908834,-0.963239135000544,0.6852014004207088
"cRetrosplenial area, dorsal part",,,0.0,-0.07418907931227123,-0.7983693378365939,1.1540233503419375
"cRetrosplenial area, ventral part",,,0.0,0.790817495918992,-0.6142864177840303,1.9639574550135719
"cPrimary somatosensory area, barrel field",0.011643953201726417,-0.22760846218383346,24.0,1.0232787116854487,-0.8914741307795218,-0.4755819078223747
"cPrimary somatosensory area, lower limb",0.08279774009785267,-0.22760846218383346,24.0,1.52339968350213,-0.809325503561753,0.7938860203675615
"cPrimary somatosensory area, mouth",0.08864135340110947,-0.22760846218383346,24.0,1.1741754662994233,-0.35554903700337526,-0.4657279211204241
"cPrimary somatosensory area, nose",0.12153352169565983,-0.22760846218383346,24.0,-0.20255566018938065,-0.2990011680063328,-0.9054739667244875
"cPrimary somatosensory area, trunk",0.027970959139826803,-0.22760846218383346,24.0,0.4234389670184346,-0.3947543449773195,0.855575587062676
"cPrimary somatosensory area, upper limb",0.056322263097733416,-0.22760846218383346,24.0,1.1140402710547732,-0.7621593295855552,-0.11623774799425524
cSupplemental somatosensory area,,,0.0,1.7415745360047012,-0.7522569451261929,-0.653581769504918
cTemporal association areas,,,0.0,0.9532278818533323,-0.4980001434030552,-0.391214387907411
cAnterolat visual area,,,0.0,1.2517154913005988,-1.2237439261011631,-0.35575944131010384
cAnteromedial visual area,,,0.0,1.2473332170860836,-1.0648351611919527,0.7273681263323585
cVisceral area,,,0.0,1.9677740088657496,-0.6891745871638654,-0.7543051453051938
cLateral visual area,,,0.0,1.3860422217687174,-0.24953324584087674,0.21353218061313892
cPrimary visual area,,,0.0,0.7539756470522954,-0.5546008654746682,0.0682367659296713
cPosterolat visual area,,,0.0,-1.1649261983334545,0.22614448398035183,0.6544776574672134
cposteromedial visual area,,,0.0,-0.11027130350399547,-0.06986851086285352,0.8001578194522395
cNucleus ambiguus,0.07835490329758636,-0.2988650128975787,24.0,0.4561690351625773,-0.10097775182387403,-0.28933052334237214
cDorsal cochlear nucleus,0.07560322043113589,-0.2988650128975787,24.0,-1.2083883404802136,1.4235998688612335,1.128941854862335
cGigantocellular reticular nucleus,-0.027504074221267393,-0.2988650128975787,24.0,-0.688297317271978,-0.864519668908757,-0.7700673439361807
cInferior olivary complex,0.051041834097003864,-0.2988650128975787,24.0,-1.15633045306682,0.6260775156946109,-0.45825347723879967
cIntermediate reticular nucleus,0.01838120546078871,-0.2988650128975787,24.0,-0.11641019063108933,-0.14476752686097805,-0.7041891457549312
cLateral vestibular nucleus,0.07282683370620165,-0.2988650128975787,24.0,-1.2903208146697966,-0.2520728731137677,-0.04553239906478836
cLateral reticular nucleus,0.07005196795797101,-0.2988650128975787,24.0,-0.4902124254052576,0.3462845697715205,-0.6094290839449382
cMagnocellular reticular nucleus,0.04846557327620601,-0.2988650128975787,24.0,-0.5185850544387172,-0.31036348019730664,-0.6399733208067626
"cMedullary reticular nucleus, dorsal part",,,0.0,0.5742942887153103,0.6147493866243845,-0.87964538354866
"cMedullary reticular nucleus, ventral part",,,0.0,-0.042509758464763105,-0.12534805724883166,-0.7725493952614262
cMedial vestibular nucleus,0.07513086886099514,-0.2988650128975787,24.0,-0.20850195809833294,2.0557848040300137,0.36199819178820153
cNucleus of the solitary tract,0.06765370476385453,-0.2988650128975787,24.0,1.650222730910915,0.5390138677898493,-0.5243382879008289
cParvicellular reticular nucleus,0.04512040069717479,-0.2988650128975787,24.0,-0.20604266751247816,-0.1684716730579459,-0.677196264770452
"cParagigantocellular reticular nucleus, dorsal part",0.06933413550985436,-0.2988650128975787,24.0,-1.2361688597125045,0.10351285036959292,-0.9005799136671524
"cParagigantocellular reticular nucleus, lateral part",0.04331686491571741,-0.2988650128975787,24.0,-0.1475197080443443,-0.11419045126076369,-0.43537677122202134
cNucleus prepositus,0.07888590630843119,-0.2988650128975787,24.0,-0.2236732159482056,3.9660978074424,-0.15276834449364812
cNucleus raphe magnus,0.06922072925702755,-0.2988650128975787,24.0,-1.620130518663488,0.40127430893804455,-0.4832950060543228
cSpinal vestibular nucleus,0.07555046886057286,-0.2988650128975787,24.0,-0.07001809242615019,-0.18362584112444771,-0.3354279352890977
"cSpinal nucleus of the trigeminal, caudal part",0.07365180860897884,-0.2988650128975787,24.0,0.9870702672239985,1.0682620558181048,-0.2706769934487804
"cSpinal nucleus of the trigeminal, interpolar part",0.06516532001709506,-0.2988650128975787,24.0,0.05585232337491766,-0.19733319696342375,-0.1301658310963982
"cSpinal nucleus of the trigeminal, oral part",0.07096515212852823,-0.2988650128975787,24.0,-0.6914783272898006,-0.1588724087530144,-0.4633172307244894
cSuperior vestibular nucleus,0.07403315566274782,-0.2988650128975787,24.0,-1.7835599207684458,-0.26474302357494695,0.06567674658659353
cVentral cochlear nucleus,0.05928846517533915,-0.2988650128975787,24.0,-2.0973422986215193,1.6542790170763313,1.0108800058945646
cFacial motor nucleus,0.057822336107874406,-0.2988650128975787,24.0,-0.23630083803914706,-0.18992302693855892,-0.25740639613973976
cHypoglossal nucleus,0.07823147724831282,-0.2988650128975787,24.0,0.20822430922172552,0.4480613025648027,-0.770574593182125
cAnterior pretectal nucleus,,,0.0,-0.425340350128743,-0.9781430886968894,0.48927860269085655
cCentral linear nucleus raphe,,,0.0,-0.31341594643156845,-0.8950393521884223,-0.6095314975259044
cCuneiform nucleus,,,0.0,0.013163667006266592,0.1534399691457729,-0.6307477206666576
cDorsal nucleus raphe,,,0.0,-0.7533030527260867,0.8719338795021243,0.1452252922891019
"cInferior colliculus, central nucleus",,,0.0,-0.316968053354807,-0.4697818067336378,-0.33166845710791754
"cInferior colliculus, dorsal nucleus",,,0.0,-0.6662358993794784,0.562779932097061,-0.0242600977934541
"cInferior colliculus, external nucleus",,,0.0,-1.0820472545763766,-0.3350942368934733,-0.3284672593901094
cInterpeduncular nucleus,,,0.0,1.6520091798564644,0.7773362433272933,-0.204658348879321
cMedial pretectal area,,,0.0,-1.606996355408941,3.351008491413089,1.7964172023024012
cMidbrain reticular nucleus,,,0.0,-0.02743777468219705,-0.7742596518812037,-0.38072428625169447
cNucleus of the optic tract,,,0.0,0.9044367087046848,-1.1004275064202507,1.0933798170299815
cNucleus of the posterior commissure,,,0.0,-1.916532587103491,-0.18583611097868946,1.3296975688598067
cPeriaqueductal gray,,,0.0,0.14204699097045131,0.666596073264314,0.12068900694112669
cPedunculopontine nucleus,,,0.0,-0.204112191043409,-0.2427148934396315,-0.5766233459903326
cRed nucleus,,,0.0,0.12282164626143614,-1.46041960090756,-0.40335964796025187
"cMidbrain reticular nucleus, retrorubral area",,,0.0,0.17523996913542078,-0.4504567412846442,-0.4144037855696121
"cSuperior colliculus, motor related",,,0.0,0.2164170208609639,-0.5258631944513232,-0.24812383001364968
"cSuperior colliculus, sensory related",,,0.0,-0.11153016021478497,0.3848750342292333,0.9505284133649494
"cSubstantia nigra, compact part",,,0.0,0.8630626015876728,-0.8303156264179357,0.40448333882630116
"cSubstantia nigra, reticular part",,,0.0,-0.27989034171389704,-0.492665451125557,1.0108967971889855
cVentral tegmental area,,,0.0,0.352472242623276,-1.1638967256702075,-0.043817083647366466
cAccessory olfactory bulb,,,0.0,0.33442453139080114,0.04160904530027382,0.16799151200621482
cAnterior olfactory nucleus,,,0.0,0.44134543314703484,0.07631252705181034,2.3833604793953587
cDorsal peduncular area,,,0.0,0.3669826963863084,-0.02416832789120887,1.0067541084841258
cMain olfactory bulb,,,0.0,-1.6726872684456362,-1.4297001755170535,-0.3481860339193988
cNucleus of the lateral olfactory tract,,,0.0,1.720386608639448,-0.9674293279923192,-0.8524987421641073
cPiriform area,0.12264085845913231,-0.009980728894068433,24.0,1.4210586503543479,-0.030234785295283263,0.2777083559858883
cPostpiriform transition area,,,0.0,1.7076178751415125,0.1239565535078668,-0.45077815351911976
cTaenia tecta,,,0.0,0.5947627137652634,0.17972925540218138,1.2670890552294685
cBed nuclei of the stria terminalis,,,0.0,0.9320876552234824,1.897972456664199,-0.45401176353856587
"cGlobus pallidus, external segment",-0.41941416957073757,-0.7432511437560504,24.0,-0.9660285769305764,-0.5729041531939012,0.060432786128210736
"cGlobus pallidus, internal segment",-0.4028181845446775,-0.7432511437560504,24.0,-1.3741743212614277,0.14961938908029493,-0.21807362134801178
cMagnocellular nucleus,,,0.0,1.2225798187373769,-0.12424559888245387,-0.9508167043708149
cMedial septal nucleus,,,0.0,-0.08955366031993421,0.27447228093733833,-0.6773247257524825
cDiagonal band nucleus,,,0.0,0.14452548524087377,0.609415397664666,-0.3967863368587874
cSubstantia innominata,,,0.0,0.17054835828725745,0.3229561414333292,0.05401353999981775
cTriangular nucleus of septum,,,0.0,-0.879814776486673,0.2464773606611742,-0.6884073924555817
cSuperior central nucleus raphe,-0.18938942829457703,-0.2988650128975787,24.0,-0.39285938791105085,0.3661480850483491,-0.12682372085855823
cNucleus incertus,0.06345047274519765,-0.2988650128975787,24.0,-0.9872646534353331,1.594510878381165,0.4520945767259009
cNucleus of the lateral lemniscus,0.02942022103046002,-0.2988650128975787,24.0,-0.6439968622993878,0.08761546149902891,1.0814936514916746
cParabrachial nucleus,0.0537640989304518,-0.2988650128975787,24.0,-0.2828411085058756,0.9945089813280089,-0.6191475579093825
cPontine central gray,0.048487450507932704,-0.2988650128975787,24.0,-1.2168107880654997,2.0373336616253535,1.7017250078795616
cPontine gray,0.05740792211835009,-0.2988650128975787,24.0,0.36340424094848317,0.41122975586018085,0.9291407582597228
"cPontine reticular nucleus, caudal part",-0.024734340723804562,-0.2988650128975787,24.0,-1.1265095871528896,-0.054954608581649175,-0.20165716635149766
cPontine reticular nucleus,0.01947370663824535,-0.2988650128975787,24.0,-1.1586624425453547,-0.46831916054885914,0.029948721445468604
cPrincipal sensory nucleus of the trigeminal,0.06344141158953288,-0.2988650128975787,24.0,-1.1429437822599622,-0.24187915239927332,-0.37576084771989937
cSuperior olivary complex,0.06624495838101076,-0.2988650128975787,24.0,-1.0342143853580867,-0.032505687153943315,-0.10835266260383493
cSupratrigeminal nucleus,0.07364890099292172,-0.2988650128975787,24.0,-1.2760201517035046,0.8998584158345095,-0.027123988435293282
cTegmental reticular nucleus,0.047411448329824,-0.2988650128975787,24.0,-0.2710685652769054,0.268872413712905,1.386043369486798
cMotor nucleus of trigeminal,0.07158962860333043,-0.2988650128975787,24.0,-1.5370635964549273,0.07875368914344702,0.2967809592533128
cNucleus accumbens,,,0.0,-0.7568190206025303,0.448196989496133,0.5911350790013271
cCaudoputamen,-0.6233332922720908,-0.7286547001779552,24.0,-0.7801728915844764,-0.13133154335236435,0.00709610585182744
cFundus,,,0.0,0.722917604767222,-0.049947055042770326,-0.41560907441817085
"cLateral septal nucleus, caudal (caudodorsal) part",,,0.0,-0.8985549466154701,1.5881147243418579,-0.1945530482790712
"cLateral septal nucleus, rostral (rostroventral) part",,,0.0,-0.09342647517195811,1.2345796310906445,-0.2920744719560128
"cLateral septal nucleus, ventral part",,,0.0,-0.09471256380986058,2.018033468530705,-0.6422511197237053
cOlfactory tubercle,,,0.0,-1.133410591657239,0.29312513176642596,-0.5041740044693028
cSeptofimbrial nucleus,,,0.0,-0.9624519590151753,0.3286646777403954,-0.31880654867016595
cAnterodorsal nucleus,,,0.0,0.5970859336374217,0.4138490966969852,1.382962714265251
"cAnteromedial nucleus, dorsal part",,,0.0,0.2508238810401079,-1.029892187849453,-0.7105996892077368
"cAnteromedial nucleus, ventral part",,,0.0,0.46233275914388755,-1.6834187487928594,-0.6429725650101503
cAnteroventral nucleus of thalamus,,,0.0,0.33322827691497836,-1.2563141086634122,-0.03928019807766949
cCentral lateral nucleus of the thalamus,,,0.0,-1.1155562422179626,-0.4380814641850416,0.7659056830731955
cCentral medial nucleus of the thalamus,,,0.0,0.4371022090443364,-1.3080110278073303,0.6349589085092342
cIntermediodorsal nucleus of the thalamus,,,0.0,0.999385949289686,-0.3011110887381471,1.3667566299182219
cLateral dorsal nucleus thalamus,,,0.0,-0.09171482486912545,0.13016216422241536,1.5281122068699267
cDorsal part of the lateral geniculate complex,,,0.0,-0.32853592832382295,-1.1890723837416626,1.5660487115661859
cVentral part of the lateral geniculate complex,,,0.0,-0.7744473394868862,-1.2116896523781706,1.734515466924663
cLateral habenula,,,0.0,-0.533117784225321,0.42979193996316517,1.1284228323830925
cLateral posterior nucleus of the thalamus,,,0.0,-0.9018729328252784,-1.1722790780064882,0.5972397317177671
cMediodorsal nucleus of thalamus,,,0.0,-0.4530982393493809,-0.5794070109535031,0.49505527706410846
"cMedial geniculate complex, dorsal part",,,0.0,0.7780959501050572,-0.6069543402652365,0.3471658758778086
"cMedial geniculate complex, medial part",,,0.0,1.0237077361227325,-1.7540183271980918,1.233435926192638
"cMedial geniculate complex, ventral part",,,0.0,0.6489444968101568,-0.9960465199475182,1.0156776130267196
cMedial habenula,,,0.0,-0.9806947651442792,2.8199521962017613,6.571212300731805
cParafascicular nucleus,,,0.0,1.0602593139086012,-2.166472288022082,-0.29681266379246973
cPosterior complex of the thalamus,,,0.0,-1.0867565609036385,-1.464712769378415,0.36324406517462676
cPosterior limiting nucleus of the thalamus,,,0.0,0.7753515011073443,-2.2494586076847423,3.1864905858222263
cPeripeduncular nucleus,,,0.0,1.5544891923825543,-0.893985427834229,9.129731641820076
cParataenial nucleus,,,0.0,0.9853525962302889,-1.9992431671313133,-0.4757337724590919
cParaventricular nucleus of the thalamus,,,0.0,0.8847704295074075,0.40270612399255673,1.0339655882389311
cNucleus of reunions,,,0.0,1.010637420840357,-0.17043473429043,-0.5187204433973083
cRhomboid nucleus,,,0.0,0.20025925025217983,0.12967321269955717,-0.11093538956826089
cReticular nucleus of the thalamus,,,0.0,-0.3774820108861209,-0.7065482176169836,-0.38402430034847007
cSubmedial nucleus of the thalamus,,,0.0,-0.5170749756889629,-0.4130175534629466,0.04673228925609199
cSubparafascicular area,,,0.0,0.6298502077984245,0.4537672959037952,-0.3036232003673174
"cSubparafascicular nucleus, magnocellular part",,,0.0,1.2343106769375838,-0.7045764122057564,-0.17530661917061685
"cSubparafascicular nucleus, parvicellular part",,,0.0,0.09959924257015272,-0.8126821770317909,3.01390391054366
cVentral anterior-lateral complex of the thalamus,,,0.0,-0.6437834120704142,-0.6128058935579207,0.7687418912400878
cVentral nucleus thalamus medial,,,0.0,-0.2360453784853767,-1.0601931856285867,-0.02595280434605065
cVentral nucleus thalamus posterolateral,,,0.0,-0.9724934783923662,-0.49363885918953443,0.15164115697391067
cVentral nucleus thalamus,,,0.0,-1.0697444564074379,-0.8641040981658346,0.6456835126649376
cVentral nucleus thalamus posteromedial parvicellular part,,,0.0,0.5036901915890241,-2.4649175785675297,-0.226729438290527
