fold,model,family,seed_run,R,rho,dR,drho,dR2,R_persist,dR2_persist_zero,n_params
0,Persistence (no change),null,0,0.8269741865354779,0.8833333333333333,,,-4.233376659416495,0.8269741865354779,-4.233376659416495,
0,NDM (ACS connectome),diffusion,0,0.7906172620938883,0.8833333333333333,-0.5189557115359118,-0.31666666666666665,-4.245250062610983,0.8269741865354779,-4.233376659416495,1.0
0,NDM (HCP fibercount),diffusion,0,0.8109242049482018,0.8833333333333333,-0.23357044613002698,-0.38333333333333336,-4.281663590081505,0.8269741865354779,-4.233376659416495,1.0
0,FKPP (ACS connectome),diffusion,0,0.8678846505831466,0.8833333333333333,0.5008999523842979,0.5499999999999999,-0.23832418644460862,0.8269741865354779,-4.233376659416495,2.0
0,FKPP + genes (MAPT/APOE/TREM2),diffusion+genes,0,0.8678846505831466,0.8833333333333333,0.5008999523842979,0.5499999999999999,-0.23832418644460862,0.8269741865354779,-4.233376659416495,3.0
0,NDM on distance graph,null-network,0,0.7906504158627735,0.8666666666666667,-0.4953696812788516,-0.33333333333333337,-4.210632958245065,0.8269741865354779,-4.233376659416495,1.0
0,FKPP on distance graph,null-network,0,0.859111961789239,0.8666666666666667,0.46903529939352784,0.38333333333333336,-0.3059882413873636,0.8269741865354779,-4.233376659416495,2.0
0,NDM on rewired connectome,null-network,0,0.760914759111049,0.8666666666666667,-0.7606942914787828,-0.7166666666666667,-4.421581270815412,0.8269741865354779,-4.233376659416495,1.0
0,FKPP on rewired connectome,null-network,0,0.8478814357981601,0.8666666666666667,0.39834421823787985,0.2833333333333333,-0.4125338268268812,0.8269741865354779,-4.233376659416495,2.0
0,TauODE (no genes),gnn,0,0.8772683680149472,0.8833333333333333,0.338166880576952,0.39999999999999997,-2.665025648923087,0.8269741865354779,-4.233376659416495,
0,TauODE (no genes),gnn,1,0.8770726865320989,0.8833333333333333,0.33524164678308627,0.39999999999999997,-2.6849449935826493,0.8269741865354779,-4.233376659416495,
0,TauODE (no genes),gnn,2,0.8774115643058372,0.8833333333333333,0.3417011405140239,0.39999999999999997,-2.639567184423949,0.8269741865354779,-4.233376659416495,
0,TauODE (no genes),gnn,3,0.8775341810570962,0.8833333333333333,0.3401052938315646,0.39999999999999997,-2.6645590192428803,0.8269741865354779,-4.233376659416495,
0,TauODE (no genes),gnn,4,0.877383082594015,0.8833333333333333,0.33720512452828794,0.39999999999999997,-2.6790388112303165,0.8269741865354779,-4.233376659416495,
0,TauODE + genes (MAPT/APOE/TREM2),gnn+genes,0,0.9574087794867714,0.8499999999999999,0.8324385234796958,0.6666666666666667,-0.5997033203191473,0.8269741865354779,-4.233376659416495,
0,TauODE + genes (MAPT/APOE/TREM2),gnn+genes,1,0.9590839778493362,0.8666666666666667,0.7295807548526522,0.5499999999999999,-1.6119475365821687,0.8269741865354779,-4.233376659416495,
0,TauODE + genes (MAPT/APOE/TREM2),gnn+genes,2,0.947621480864636,0.8666666666666667,0.49272963664047476,0.5166666666666667,-2.436766843092623,0.8269741865354779,-4.233376659416495,
0,TauODE + genes (MAPT/APOE/TREM2),gnn+genes,3,0.9578964672421392,0.8499999999999999,0.7457623052940772,0.5666666666666667,-1.479008188306484,0.8269741865354779,-4.233376659416495,
0,TauODE + genes (MAPT/APOE/TREM2),gnn+genes,4,0.9549929560052436,0.8666666666666667,0.7181630519260608,0.7166666666666667,-1.6082012429675303,0.8269741865354779,-4.233376659416495,
1,Persistence (no change),null,0,0.8091730204030457,0.8166666666666667,,,-2.937003975221515,0.8091730204030457,-2.937003975221515,
1,NDM (ACS connectome),diffusion,0,0.8003227975106055,0.8166666666666667,-0.24112774983199803,-0.049999999999999996,-3.031415948862402,0.8091730204030457,-2.937003975221515,1.0
1,NDM (HCP fibercount),diffusion,0,0.8112254900299807,0.8166666666666667,0.20597504935535896,0.03333333333333333,-3.0918864653038334,0.8091730204030457,-2.937003975221515,1.0
1,FKPP (ACS connectome),diffusion,0,0.9328634111109556,0.8166666666666667,0.7713331092449942,0.75,0.2353178774511947,0.8091730204030457,-2.937003975221515,2.0
1,FKPP + genes (MAPT/APOE/TREM2),diffusion+genes,0,0.9328634111109556,0.8166666666666667,0.7713331092449942,0.75,0.2353178774511947,0.8091730204030457,-2.937003975221515,3.0
1,NDM on distance graph,null-network,0,0.8042503499208691,0.8166666666666667,0.12482589519500918,-0.11666666666666665,-3.1042219605671235,0.8091730204030457,-2.937003975221515,1.0
1,FKPP on distance graph,null-network,0,0.9296563149742338,0.8166666666666667,0.7265332086168894,0.75,0.19751405453212278,0.8091730204030457,-2.937003975221515,2.0
1,NDM on rewired connectome,null-network,0,0.788689682367958,0.8333333333333333,-0.3755265943944382,-0.26666666666666666,-3.1070393659093947,0.8091730204030457,-2.937003975221515,1.0
1,FKPP on rewired connectome,null-network,0,0.9138556929570443,0.8666666666666667,0.6931892022212415,0.65,0.1473191935345507,0.8091730204030457,-2.937003975221515,2.0
1,TauODE (no genes),gnn,0,0.9151966421654536,0.8166666666666667,0.4928668764075129,0.5833333333333334,-2.2780301017793723,0.8091730204030457,-2.937003975221515,
1,TauODE (no genes),gnn,1,0.914990488043605,0.8166666666666667,0.49013845216605967,0.5833333333333334,-2.3132262272713637,0.8091730204030457,-2.937003975221515,
1,TauODE (no genes),gnn,2,0.9159487591239281,0.8166666666666667,0.496196646161953,0.5833333333333334,-2.2271301075281427,0.8091730204030457,-2.937003975221515,
1,TauODE (no genes),gnn,3,0.9147925990352935,0.8166666666666667,0.4901499427324448,0.5833333333333334,-2.3203338176292494,0.8091730204030457,-2.937003975221515,
1,TauODE (no genes),gnn,4,0.9146058879383707,0.8166666666666667,0.4923017812896559,0.5833333333333334,-2.2971952376308504,0.8091730204030457,-2.937003975221515,
1,TauODE + genes (MAPT/APOE/TREM2),gnn+genes,0,0.9750722223338725,0.9500000000000001,0.6523243487728578,0.8666666666666667,-0.692773474194361,0.8091730204030457,-2.937003975221515,
1,TauODE + genes (MAPT/APOE/TREM2),gnn+genes,1,0.9508353970634591,0.9166666666666666,0.7237354309079791,0.8499999999999999,-1.0320329936840982,0.8091730204030457,-2.937003975221515,
1,TauODE + genes (MAPT/APOE/TREM2),gnn+genes,2,0.9299064003218449,0.9166666666666666,0.4926995100073708,0.25,-0.7547405360368311,0.8091730204030457,-2.937003975221515,
1,TauODE + genes (MAPT/APOE/TREM2),gnn+genes,3,0.9565193744319448,0.9166666666666666,0.7287303673448033,0.8499999999999999,-1.0505677671094222,0.8091730204030457,-2.937003975221515,
1,TauODE + genes (MAPT/APOE/TREM2),gnn+genes,4,0.9437149705945285,0.9166666666666666,0.7459004487066657,0.8499999999999999,-0.8752905567836504,0.8091730204030457,-2.937003975221515,
2,Persistence (no change),null,0,0.4829761986544325,0.5499999999999999,,,-9.927539412039122,0.4829761986544325,-9.927539412039122,
2,NDM (ACS connectome),diffusion,0,0.47082302529166353,0.5499999999999999,-0.37644772073871086,-0.41666666666666663,-10.05165176193835,0.4829761986544325,-9.927539412039122,1.0
2,NDM (HCP fibercount),diffusion,0,0.46938074815295416,0.5499999999999999,-0.22666295953209845,-0.18333333333333335,-10.013051398851516,0.4829761986544325,-9.927539412039122,1.0
2,FKPP (ACS connectome),diffusion,0,0.5619209591429342,0.5499999999999999,0.07201805602895617,0.08333333333333334,-1.2374570189960128,0.4829761986544325,-9.927539412039122,2.0
2,FKPP + genes (MAPT/APOE/TREM2),diffusion+genes,0,0.5619209591429342,0.5499999999999999,0.07201805602895617,0.08333333333333334,-1.2374570189960128,0.4829761986544325,-9.927539412039122,3.0
2,NDM on distance graph,null-network,0,0.4950880734147992,0.5666666666666667,0.3317744417035456,0.13333333333333333,-10.095272063248185,0.4829761986544325,-9.927539412039122,1.0
2,FKPP on distance graph,null-network,0,0.5799726427096755,0.5666666666666667,0.1659479079303183,0.2333333333333333,-1.1224956254804037,0.4829761986544325,-9.927539412039122,2.0
2,NDM on rewired connectome,null-network,0,0.45678555767883716,0.5,-0.3590245447944935,-0.33333333333333337,-10.020309550859947,0.4829761986544325,-9.927539412039122,1.0
2,FKPP on rewired connectome,null-network,0,0.5424895298218843,0.5,0.03201834096865346,-0.2333333333333333,-1.1849250558649982,0.4829761986544325,-9.927539412039122,2.0
2,TauODE (no genes),gnn,0,0.6267391934259222,0.5499999999999999,0.6618123562890552,0.75,-6.466421223997739,0.4829761986544325,-9.927539412039122,
2,TauODE (no genes),gnn,1,0.6267968174620855,0.5499999999999999,0.6630814106787211,0.75,-6.498573515959663,0.4829761986544325,-9.927539412039122,
2,TauODE (no genes),gnn,2,0.6267066831445325,0.5499999999999999,0.659856072448539,0.75,-6.421710938447829,0.4829761986544325,-9.927539412039122,
2,TauODE (no genes),gnn,3,0.6268034519301597,0.5499999999999999,0.6633703580809507,0.75,-6.486676447824947,0.4829761986544325,-9.927539412039122,
2,TauODE (no genes),gnn,4,0.6267815565245578,0.5499999999999999,0.6630119293534624,0.75,-6.478900188165933,0.4829761986544325,-9.927539412039122,
2,TauODE + genes (MAPT/APOE/TREM2),gnn+genes,0,0.7316409219561467,0.75,0.6025787813959623,0.5333333333333333,-5.003751433014633,0.4829761986544325,-9.927539412039122,
2,TauODE + genes (MAPT/APOE/TREM2),gnn+genes,1,0.8207859082566006,0.8166666666666667,0.7624595171363382,0.8833333333333333,-4.627374771275411,0.4829761986544325,-9.927539412039122,
2,TauODE + genes (MAPT/APOE/TREM2),gnn+genes,2,0.8048618307435509,0.8166666666666667,0.7404135074541546,0.7,-4.835483816616221,0.4829761986544325,-9.927539412039122,
2,TauODE + genes (MAPT/APOE/TREM2),gnn+genes,3,0.710429063455435,0.75,0.5505606920545958,0.5333333333333333,-4.515443654384696,0.4829761986544325,-9.927539412039122,
2,TauODE + genes (MAPT/APOE/TREM2),gnn+genes,4,0.8386698458477594,0.7833333333333333,0.7884763541550665,0.8833333333333333,-4.436948686663268,0.4829761986544325,-9.927539412039122,
3,Persistence (no change),null,0,0.8759120313188634,0.8666666666666667,,,-2.446948902410346,0.8759120313188634,-2.446948902410346,
3,NDM (ACS connectome),diffusion,0,0.8723628550410806,0.8666666666666667,-0.07682496773610509,-0.049999999999999996,-2.397493804173317,0.8759120313188634,-2.446948902410346,1.0
3,NDM (HCP fibercount),diffusion,0,0.8763405319048558,0.8666666666666667,0.08511081484192558,0.13333333333333333,-2.3786518393911193,0.8759120313188634,-2.446948902410346,1.0
3,FKPP (ACS connectome),diffusion,0,0.8741591011411934,0.8666666666666667,0.39230023495254185,0.41666666666666663,-0.1857336205239073,0.8759120313188634,-2.446948902410346,2.0
3,FKPP + genes (MAPT/APOE/TREM2),diffusion+genes,0,0.8741591011411934,0.8666666666666667,0.39230023495254185,0.41666666666666663,-0.1857336205239073,0.8759120313188634,-2.446948902410346,3.0
3,NDM on distance graph,null-network,0,0.8703307135211815,0.8666666666666667,-0.027618645220796646,-0.5333333333333333,-2.4388558782902012,0.8759120313188634,-2.446948902410346,1.0
3,FKPP on distance graph,null-network,0,0.8681231582304921,0.8666666666666667,0.3559524620029069,0.41666666666666663,-0.15876340239974795,0.8759120313188634,-2.446948902410346,2.0
3,NDM on rewired connectome,null-network,0,0.870460479425038,0.8666666666666667,-0.1296727350876661,-0.2333333333333333,-2.4179032311482174,0.8759120313188634,-2.446948902410346,1.0
3,FKPP on rewired connectome,null-network,0,0.8762131365044327,0.8666666666666667,0.3876801159969108,0.41666666666666663,-0.160483579054836,0.8759120313188634,-2.446948902410346,2.0
3,TauODE (no genes),gnn,0,0.8885927771038579,0.8666666666666667,0.2798446979987537,0.39999999999999997,-1.9169613686390976,0.8759120313188634,-2.446948902410346,
3,TauODE (no genes),gnn,1,0.8886301477040355,0.8666666666666667,0.2781888185171857,0.39999999999999997,-1.9374613543806305,0.8759120313188634,-2.446948902410346,
3,TauODE (no genes),gnn,2,0.8885181567197825,0.8666666666666667,0.282272219594317,0.39999999999999997,-1.889094692398019,0.8759120313188634,-2.446948902410346,
3,TauODE (no genes),gnn,3,0.8886204627239673,0.8666666666666667,0.27787013392980703,0.39999999999999997,-1.9398077002889464,0.8759120313188634,-2.446948902410346,
3,TauODE (no genes),gnn,4,0.8886819425385876,0.8666666666666667,0.27803770483457585,0.39999999999999997,-1.936179216288474,0.8759120313188634,-2.446948902410346,
3,TauODE + genes (MAPT/APOE/TREM2),gnn+genes,0,0.8784098280335423,0.7666666666666667,0.3192275134325289,-0.049999999999999996,-1.5606289092331473,0.8759120313188634,-2.446948902410346,
3,TauODE + genes (MAPT/APOE/TREM2),gnn+genes,1,0.8724098077866801,0.7666666666666667,0.30533825746927873,-0.049999999999999996,-1.795758748125548,0.8759120313188634,-2.446948902410346,
3,TauODE + genes (MAPT/APOE/TREM2),gnn+genes,2,0.8755169391165605,0.7666666666666667,0.3051725234368372,-0.049999999999999996,-1.8417978118105172,0.8759120313188634,-2.446948902410346,
3,TauODE + genes (MAPT/APOE/TREM2),gnn+genes,3,0.8716387466487866,0.7666666666666667,0.29951686302548514,-0.049999999999999996,-1.829392095277527,0.8759120313188634,-2.446948902410346,
3,TauODE + genes (MAPT/APOE/TREM2),gnn+genes,4,0.8705872954068488,0.7666666666666667,0.29692669964077534,-0.049999999999999996,-1.7876217398341154,0.8759120313188634,-2.446948902410346,
4,Persistence (no change),null,0,0.5212475946999252,0.26666666666666666,,,-2.4798284022163775,0.5212475946999252,-2.4798284022163775,
4,NDM (ACS connectome),diffusion,0,0.44070300791506123,0.2333333333333333,-0.01409629250106106,-0.03333333333333333,-2.254055639660485,0.5212475946999252,-2.4798284022163775,1.0
4,NDM (HCP fibercount),diffusion,0,0.4434263366343953,0.18333333333333335,0.02396988433549641,0.09999999999999999,-2.2113434590349117,0.5212475946999252,-2.4798284022163775,1.0
4,FKPP (ACS connectome),diffusion,0,0.5851341117411784,0.2333333333333333,-0.2062459849726553,-0.35,-1.3436967325139375,0.5212475946999252,-2.4798284022163775,2.0
4,FKPP + genes (MAPT/APOE/TREM2),diffusion+genes,0,0.5851341117411784,0.2333333333333333,-0.2062459849726553,-0.35,-1.3436967325139375,0.5212475946999252,-2.4798284022163775,3.0
4,NDM on distance graph,null-network,0,0.43471191131418857,0.25,0.05340012136696045,0.0,-2.1576055628230884,0.5212475946999252,-2.4798284022163775,1.0
4,FKPP on distance graph,null-network,0,0.5698243662676069,0.25,-0.22896936147367566,-0.18333333333333335,-1.3107328857908933,0.5212475946999252,-2.4798284022163775,2.0
4,NDM on rewired connectome,null-network,0,0.41424135245022686,0.26666666666666666,-0.1067144708128682,-0.43333333333333335,-2.2343201818545766,0.5212475946999252,-2.4798284022163775,1.0
4,FKPP on rewired connectome,null-network,0,0.5531944397260922,0.26666666666666666,-0.30142760364638155,-0.3,-1.4406091404133088,0.5212475946999252,-2.4798284022163775,2.0
4,TauODE (no genes),gnn,0,0.5570689522533089,0.18333333333333335,0.2642390666964539,0.26666666666666666,-0.39825992762495677,0.5212475946999252,-2.4798284022163775,
4,TauODE (no genes),gnn,1,0.5566139495749609,0.18333333333333335,0.27043522314789725,0.26666666666666666,-0.4151973172626766,0.5212475946999252,-2.4798284022163775,
4,TauODE (no genes),gnn,2,0.5578692285504758,0.18333333333333335,0.2541543278650023,0.26666666666666666,-0.37144550597153647,0.5212475946999252,-2.4798284022163775,
4,TauODE (no genes),gnn,3,0.5565211302518633,0.18333333333333335,0.26860862408751635,0.26666666666666666,-0.4148475562464211,0.5212475946999252,-2.4798284022163775,
4,TauODE (no genes),gnn,4,0.5566083421333842,0.18333333333333335,0.2690528013606912,0.26666666666666666,-0.4133492589550716,0.5212475946999252,-2.4798284022163775,
4,TauODE + genes (MAPT/APOE/TREM2),gnn+genes,0,0.7257511264933565,0.3666666666666667,0.7680587372309265,0.7666666666666667,0.26727370224266256,0.5212475946999252,-2.4798284022163775,
4,TauODE + genes (MAPT/APOE/TREM2),gnn+genes,1,0.7156547692816229,0.3666666666666667,0.7760360356890965,0.8166666666666667,0.18526287305190592,0.5212475946999252,-2.4798284022163775,
4,TauODE + genes (MAPT/APOE/TREM2),gnn+genes,2,0.6799967047038005,0.31666666666666665,0.6752820434585369,0.7166666666666667,-0.6138941710638612,0.5212475946999252,-2.4798284022163775,
4,TauODE + genes (MAPT/APOE/TREM2),gnn+genes,3,0.7015056303380897,0.39999999999999997,0.7199064632287037,0.8166666666666667,0.1868861102557411,0.5212475946999252,-2.4798284022163775,
4,TauODE + genes (MAPT/APOE/TREM2),gnn+genes,4,0.6378687577335772,0.38333333333333336,0.5022364225381322,0.5166666666666667,-0.03360003972089487,0.5212475946999252,-2.4798284022163775,
5,Persistence (no change),null,0,0.9193639276622491,0.9166666666666666,,,-3.39882802373086,0.9193639276622491,-3.39882802373086,
5,NDM (ACS connectome),diffusion,0,0.9210174278378701,0.9166666666666666,-0.6543893770953743,-0.7,-3.378096020940066,0.9193639276622491,-3.39882802373086,1.0
5,NDM (HCP fibercount),diffusion,0,0.9270036173813782,0.9166666666666666,-0.6231134060794934,-0.7333333333333334,-3.325424420539991,0.9193639276622491,-3.39882802373086,1.0
5,FKPP (ACS connectome),diffusion,0,0.8621862015829844,0.9166666666666666,0.6760113741822824,0.75,0.08088142236505735,0.9193639276622491,-3.39882802373086,2.0
5,FKPP + genes (MAPT/APOE/TREM2),diffusion+genes,0,0.8621862015829844,0.9166666666666666,0.6760113741822824,0.75,0.08088142236505735,0.9193639276622491,-3.39882802373086,3.0
5,NDM on distance graph,null-network,0,0.90724817386402,0.8833333333333333,-0.8076040147923236,-0.8499999999999999,-3.3564018431078457,0.9193639276622491,-3.39882802373086,1.0
5,FKPP on distance graph,null-network,0,0.8413254051154458,0.8833333333333333,0.6225816547538714,0.75,0.04839007017121033,0.9193639276622491,-3.39882802373086,2.0
5,NDM on rewired connectome,null-network,0,0.9318151800311046,0.9166666666666666,-0.5367005792594447,-0.33333333333333337,-3.413202820435524,0.9193639276622491,-3.39882802373086,1.0
5,FKPP on rewired connectome,null-network,0,0.8794454011280539,0.9166666666666666,0.712784210922256,0.7666666666666667,0.09696565836373383,0.9193639276622491,-3.39882802373086,2.0
5,TauODE (no genes),gnn,0,0.9056608091392688,0.9166666666666666,0.7092029931744073,0.7166666666666667,-1.7036582218129768,0.9193639276622491,-3.39882802373086,
5,TauODE (no genes),gnn,1,0.9056323440631507,0.9166666666666666,0.707696375680547,0.7166666666666667,-1.7119553469611177,0.9193639276622491,-3.39882802373086,
5,TauODE (no genes),gnn,2,0.9054830249051239,0.9166666666666666,0.7093546607004734,0.7166666666666667,-1.6928646886617256,0.9193639276622491,-3.39882802373086,
5,TauODE (no genes),gnn,3,0.9060709352355829,0.9166666666666666,0.7126245101998597,0.7166666666666667,-1.7050774294710536,0.9193639276622491,-3.39882802373086,
5,TauODE (no genes),gnn,4,0.9059788543619195,0.9166666666666666,0.7110314367473254,0.7166666666666667,-1.7097430118688361,0.9193639276622491,-3.39882802373086,
5,TauODE + genes (MAPT/APOE/TREM2),gnn+genes,0,0.8033752096395381,0.9,0.549207271253591,0.5833333333333334,-0.005577370050981578,0.9193639276622491,-3.39882802373086,
5,TauODE + genes (MAPT/APOE/TREM2),gnn+genes,1,0.9364012600791962,0.9333333333333332,0.8694800467895215,0.8666666666666667,-0.5509889739404619,0.9193639276622491,-3.39882802373086,
5,TauODE + genes (MAPT/APOE/TREM2),gnn+genes,2,0.943943786139753,0.9166666666666666,0.837538797327243,0.8333333333333333,-1.2085178009407245,0.9193639276622491,-3.39882802373086,
5,TauODE + genes (MAPT/APOE/TREM2),gnn+genes,3,0.9442695678267671,0.9333333333333332,0.885036370244703,0.8833333333333333,-0.6042657418535107,0.9193639276622491,-3.39882802373086,
5,TauODE + genes (MAPT/APOE/TREM2),gnn+genes,4,0.9055643587990173,0.9500000000000001,0.7604931289146393,0.8333333333333333,-0.2866200167388526,0.9193639276622491,-3.39882802373086,
6,Persistence (no change),null,0,0.8657373750510399,0.7619047619047621,,,-2.8836166174783635,0.8657373750510399,-2.8836166174783635,
6,NDM (ACS connectome),diffusion,0,0.8685033553579555,0.7619047619047621,-0.3218027270276549,-0.19047619047619052,-2.8566573172438177,0.8657373750510399,-2.8836166174783635,1.0
6,NDM (HCP fibercount),diffusion,0,0.8713406097480453,0.7619047619047621,-0.23349364072069803,-0.4761904761904762,-2.853278986813423,0.8657373750510399,-2.8836166174783635,1.0
6,FKPP (ACS connectome),diffusion,0,0.9238321775192587,0.7619047619047621,0.821276641160099,0.6428571428571429,0.6298754267041518,0.8657373750510399,-2.8836166174783635,2.0
6,FKPP + genes (MAPT/APOE/TREM2),diffusion+genes,0,0.9238321775192587,0.7619047619047621,0.821276641160099,0.6428571428571429,0.6298754267041518,0.8657373750510399,-2.8836166174783635,3.0
6,NDM on distance graph,null-network,0,0.862597027031176,0.7619047619047621,-0.6264283181040566,-0.4761904761904762,-2.931690550200239,0.8657373750510399,-2.8836166174783635,1.0
6,FKPP on distance graph,null-network,0,0.9186873318490737,0.7619047619047621,0.8111843749509691,0.6428571428571429,0.5872597266112195,0.8657373750510399,-2.8836166174783635,2.0
6,NDM on rewired connectome,null-network,0,0.8623601142260259,0.7619047619047621,-0.6074600756511136,-0.30952380952380953,-2.9285542899093078,0.8657373750510399,-2.8836166174783635,1.0
6,FKPP on rewired connectome,null-network,0,0.9217805238320389,0.7619047619047621,0.8207804701191086,0.6428571428571429,0.6050688266501356,0.8657373750510399,-2.8836166174783635,2.0
6,TauODE (no genes),gnn,0,0.909295273628212,0.8095238095238096,0.6379548585257565,0.4523809523809524,-1.2148529303070497,0.8657373750510399,-2.8836166174783635,
6,TauODE (no genes),gnn,1,0.9091828078980844,0.8095238095238096,0.6341861408108166,0.4523809523809524,-1.2291169839570544,0.8657373750510399,-2.8836166174783635,
6,TauODE (no genes),gnn,2,0.9094585895946063,0.8095238095238096,0.6441931984205916,0.4523809523809524,-1.1921827886523406,0.8657373750510399,-2.8836166174783635,
6,TauODE (no genes),gnn,3,0.9093447400200427,0.8095238095238096,0.639811806298012,0.4523809523809524,-1.2215179259557911,0.8657373750510399,-2.8836166174783635,
6,TauODE (no genes),gnn,4,0.9092406837293691,0.8095238095238096,0.6353405085706042,0.4523809523809524,-1.2295975600742919,0.8657373750510399,-2.8836166174783635,
6,TauODE + genes (MAPT/APOE/TREM2),gnn+genes,0,0.6958213558991898,0.5952380952380953,-0.28908312002712455,-0.28571428571428575,-2.5506567666742237,0.8657373750510399,-2.8836166174783635,
6,TauODE + genes (MAPT/APOE/TREM2),gnn+genes,1,0.7175055368510201,0.5476190476190477,-0.32668278756654,-0.28571428571428575,-2.607310976341636,0.8657373750510399,-2.8836166174783635,
6,TauODE + genes (MAPT/APOE/TREM2),gnn+genes,2,0.7295848959810293,0.5476190476190477,-0.37401712314419416,-0.38095238095238104,-2.6656626393870675,0.8657373750510399,-2.8836166174783635,
6,TauODE + genes (MAPT/APOE/TREM2),gnn+genes,3,0.7280858568000182,0.5476190476190477,-0.36490492464415575,-0.38095238095238104,-2.6598156679855474,0.8657373750510399,-2.8836166174783635,
6,TauODE + genes (MAPT/APOE/TREM2),gnn+genes,4,0.7130494472470241,0.5476190476190477,-0.3214697013616395,-0.38095238095238104,-2.540088500713532,0.8657373750510399,-2.8836166174783635,
7,Persistence (no change),null,0,0.7443082801468095,0.6904761904761906,,,-2.8597253511735223,0.7443082801468095,-2.8597253511735223,
7,NDM (ACS connectome),diffusion,0,0.7348982169079862,0.6904761904761906,-0.5517995318270871,-0.4285714285714286,-2.8254230921360035,0.7443082801468095,-2.8597253511735223,1.0
7,NDM (HCP fibercount),diffusion,0,0.7608783218820014,0.6904761904761906,-0.15917751246166448,-0.28571428571428575,-2.7841566104681466,0.7443082801468095,-2.8597253511735223,1.0
7,FKPP (ACS connectome),diffusion,0,0.7212297537737803,0.6904761904761906,0.47257222009635097,0.6666666666666669,0.004848636212686275,0.7443082801468095,-2.8597253511735223,2.0
7,FKPP + genes (MAPT/APOE/TREM2),diffusion+genes,0,0.7212297537737803,0.6904761904761906,0.47257222009635097,0.6666666666666669,0.004848636212686275,0.7443082801468095,-2.8597253511735223,3.0
7,NDM on distance graph,null-network,0,0.6609784705972418,0.6190476190476191,-0.7005818828684959,-0.7857142857142858,-2.8235101838185113,0.7443082801468095,-2.8597253511735223,1.0
7,FKPP on distance graph,null-network,0,0.6588961348792921,0.7142857142857144,0.32643193803254567,0.5714285714285715,-0.0923055657818177,0.7443082801468095,-2.8597253511735223,2.0
7,NDM on rewired connectome,null-network,0,0.7117688508222424,0.7857142857142858,-0.7347197747574125,-0.6904761904761906,-2.880654998205233,0.7443082801468095,-2.8597253511735223,1.0
7,FKPP on rewired connectome,null-network,0,0.6884256822401179,0.8333333333333335,0.40096111340223745,0.6666666666666669,-0.0930523015005218,0.7443082801468095,-2.8597253511735223,2.0
7,TauODE (no genes),gnn,0,0.7346797086282056,0.7142857142857144,0.4093386187107905,0.4285714285714286,-1.4718324263123943,0.7443082801468095,-2.8597253511735223,
7,TauODE (no genes),gnn,1,0.7346386525003045,0.7142857142857144,0.4076498749377373,0.4285714285714286,-1.4800319269858742,0.7443082801468095,-2.8597253511735223,
7,TauODE (no genes),gnn,2,0.7347019672587064,0.7142857142857144,0.41198675971208515,0.4285714285714286,-1.4583550542175474,0.7443082801468095,-2.8597253511735223,
7,TauODE (no genes),gnn,3,0.7348098421662268,0.7142857142857144,0.4104918296353353,0.4285714285714286,-1.4737895190491912,0.7443082801468095,-2.8597253511735223,
7,TauODE (no genes),gnn,4,0.7347486168844096,0.7142857142857144,0.4084739087837748,0.4285714285714286,-1.4801218220053998,0.7443082801468095,-2.8597253511735223,
7,TauODE + genes (MAPT/APOE/TREM2),gnn+genes,0,0.7508909486002479,0.5476190476190477,0.4696626942312677,0.2380952380952381,-0.5000325299813779,0.7443082801468095,-2.8597253511735223,
7,TauODE + genes (MAPT/APOE/TREM2),gnn+genes,1,0.8324728401485333,0.5476190476190477,0.4666224231122551,0.04761904761904763,-1.819392843080665,0.7443082801468095,-2.8597253511735223,
7,TauODE + genes (MAPT/APOE/TREM2),gnn+genes,2,0.8333297337284308,0.6666666666666669,0.4258491296154513,0.2380952380952381,-1.7425599995314642,0.7443082801468095,-2.8597253511735223,
7,TauODE + genes (MAPT/APOE/TREM2),gnn+genes,3,0.8425782437371598,0.6666666666666669,0.5005911132492672,0.04761904761904763,-1.7897522758966198,0.7443082801468095,-2.8597253511735223,
7,TauODE + genes (MAPT/APOE/TREM2),gnn+genes,4,0.8323582475461112,0.5476190476190477,0.4647004162826419,0.023809523809523815,-1.8107037421246028,0.7443082801468095,-2.8597253511735223,
8,Persistence (no change),null,0,-0.1363651394306128,-0.19047619047619052,,,-2.1466352433016813,-0.1363651394306128,-2.1466352433016813,
8,NDM (ACS connectome),diffusion,0,-0.15424414102595357,-0.19047619047619052,-0.28463208306052123,-0.023809523809523815,-2.159997091482312,-0.1363651394306128,-2.1466352433016813,1.0
8,NDM (HCP fibercount),diffusion,0,-0.1349694706382816,-0.19047619047619052,0.46020509088986966,0.3571428571428572,-2.1607851275246794,-0.1363651394306128,-2.1466352433016813,1.0
8,FKPP (ACS connectome),diffusion,0,-0.08283069523920432,-0.19047619047619052,-0.2276101614422773,-0.11904761904761905,-0.08010721242258012,-0.1363651394306128,-2.1466352433016813,2.0
8,FKPP + genes (MAPT/APOE/TREM2),diffusion+genes,0,-0.08283069523920432,-0.19047619047619052,-0.2276101614422773,-0.11904761904761905,-0.08010721242258012,-0.1363651394306128,-2.1466352433016813,3.0
8,NDM on distance graph,null-network,0,-0.15193338103351128,-0.1666666666666667,0.3838010529286825,0.3333333333333334,-2.1676899607224756,-0.1363651394306128,-2.1466352433016813,1.0
8,FKPP on distance graph,null-network,0,-0.08100788006776374,-0.19047619047619052,-0.0706851081206841,0.11904761904761905,-0.03275039216342157,-0.1363651394306128,-2.1466352433016813,2.0
8,NDM on rewired connectome,null-network,0,-0.2220750283797198,-0.1666666666666667,-0.6543353792763127,-0.6428571428571429,-2.21364272630918,-0.1363651394306128,-2.1466352433016813,1.0
8,FKPP on rewired connectome,null-network,0,-0.17245984446474735,-0.1666666666666667,-0.5799993454854694,-0.6666666666666669,-0.18217025632226314,-0.1363651394306128,-2.1466352433016813,2.0
8,TauODE (no genes),gnn,0,0.056009283987710656,-0.19047619047619052,0.6931136328426584,0.7142857142857144,-0.8561091719709577,-0.1363651394306128,-2.1466352433016813,
8,TauODE (no genes),gnn,1,0.058853118270884734,-0.19047619047619052,0.6978693743507375,0.7142857142857144,-0.9022140015844231,-0.1363651394306128,-2.1466352433016813,
8,TauODE (no genes),gnn,2,-0.05091094366486881,-0.19047619047619052,0.5394198269121602,0.5476190476190477,-0.4699910091097008,-0.1363651394306128,-2.1466352433016813,
8,TauODE (no genes),gnn,3,0.059969469843032586,-0.19047619047619052,0.6991303032256595,0.7142857142857144,-0.9099909240964121,-0.1363651394306128,-2.1466352433016813,
8,TauODE (no genes),gnn,4,0.060255299402058246,-0.19047619047619052,0.6985918897255577,0.7142857142857144,-0.8963066901651027,-0.1363651394306128,-2.1466352433016813,
8,TauODE + genes (MAPT/APOE/TREM2),gnn+genes,0,0.24280120606599118,-0.04761904761904763,0.71045155282282,0.7619047619047621,-0.995520140496049,-0.1363651394306128,-2.1466352433016813,
8,TauODE + genes (MAPT/APOE/TREM2),gnn+genes,1,0.2513160480510513,0.023809523809523815,0.73335237706756,0.8571428571428572,-1.103190659087823,-0.1363651394306128,-2.1466352433016813,
8,TauODE + genes (MAPT/APOE/TREM2),gnn+genes,2,0.37924269014127127,0.30952380952380953,0.8646739808196006,0.9047619047619048,-1.4330421777727733,-0.1363651394306128,-2.1466352433016813,
8,TauODE + genes (MAPT/APOE/TREM2),gnn+genes,3,0.3961578296785009,0.3571428571428572,0.8756129718401793,0.9047619047619048,-1.233802923670332,-0.1363651394306128,-2.1466352433016813,
8,TauODE + genes (MAPT/APOE/TREM2),gnn+genes,4,0.21888243926317616,0.023809523809523815,0.6290231524408116,0.6190476190476191,-1.3169682625020522,-0.1363651394306128,-2.1466352433016813,
9,Persistence (no change),null,0,0.6605395590486252,0.523809523809524,,,-1.154721358842865,0.6605395590486252,-1.154721358842865,
9,NDM (ACS connectome),diffusion,0,0.6216067494495654,0.523809523809524,-0.408851757377059,-0.5714285714285715,-1.1268256598842918,0.6605395590486252,-1.154721358842865,1.0
9,NDM (HCP fibercount),diffusion,0,0.6375228537022892,0.5000000000000001,-0.3106425547905784,-0.19047619047619052,-1.0827251858288163,0.6605395590486252,-1.154721358842865,1.0
9,FKPP (ACS connectome),diffusion,0,0.6255533496841433,0.523809523809524,0.19717392062962386,-0.04761904761904763,-0.045177456368641344,0.6605395590486252,-1.154721358842865,2.0
9,FKPP + genes (MAPT/APOE/TREM2),diffusion+genes,0,0.6255533496841433,0.523809523809524,0.19717392062962386,-0.04761904761904763,-0.045177456368641344,0.6605395590486252,-1.154721358842865,3.0
9,NDM on distance graph,null-network,0,0.6426300815096616,0.523809523809524,-0.2838142965649024,-0.11904761904761905,-1.0986329144529803,0.6605395590486252,-1.154721358842865,1.0
9,FKPP on distance graph,null-network,0,0.638667108782917,0.523809523809524,0.2293745491390796,0.11904761904761905,-0.0020861711372122116,0.6605395590486252,-1.154721358842865,2.0
9,NDM on rewired connectome,null-network,0,0.5481137110214201,0.523809523809524,-0.7107370395707034,-0.6666666666666669,-1.1964732859276719,0.6605395590486252,-1.154721358842865,1.0
9,FKPP on rewired connectome,null-network,0,0.5634626454606615,0.523809523809524,0.031502499177254,-0.30952380952380953,-0.1927861326638569,0.6605395590486252,-1.154721358842865,2.0
9,TauODE (no genes),gnn,0,0.6139093620233885,0.523809523809524,-0.13957785593028743,0.04761904761904763,-0.5516540696807453,0.6605395590486252,-1.154721358842865,
9,TauODE (no genes),gnn,1,0.6137068740439496,0.523809523809524,-0.14578023775618584,-0.07142857142857144,-0.558065079762855,0.6605395590486252,-1.154721358842865,
9,TauODE (no genes),gnn,2,0.6141105967408986,0.523809523809524,-0.1319051115734462,0.04761904761904763,-0.5438985542311594,0.6605395590486252,-1.154721358842865,
9,TauODE (no genes),gnn,3,0.6142433973566601,0.523809523809524,-0.140197218315215,0.04761904761904763,-0.5543451980982974,0.6605395590486252,-1.154721358842865,
9,TauODE (no genes),gnn,4,0.6142047676206401,0.523809523809524,-0.1396974084756421,0.04761904761904763,-0.5532492982585335,0.6605395590486252,-1.154721358842865,
9,TauODE + genes (MAPT/APOE/TREM2),gnn+genes,0,0.9145384666255589,0.8333333333333335,0.8949171786114964,0.6904761904761906,0.6333714992578034,0.6605395590486252,-1.154721358842865,
9,TauODE + genes (MAPT/APOE/TREM2),gnn+genes,1,0.9026364688173554,0.8095238095238096,0.8956610967313956,0.6428571428571429,0.17741831483151227,0.6605395590486252,-1.154721358842865,
9,TauODE + genes (MAPT/APOE/TREM2),gnn+genes,2,0.9312537376768788,0.8095238095238096,0.9257715625131157,0.7380952380952381,0.535170310823383,0.6605395590486252,-1.154721358842865,
9,TauODE + genes (MAPT/APOE/TREM2),gnn+genes,3,0.913005912439464,0.8333333333333335,0.904713285423892,0.7142857142857144,0.1716559553763749,0.6605395590486252,-1.154721358842865,
9,TauODE + genes (MAPT/APOE/TREM2),gnn+genes,4,0.9030312308246586,0.8333333333333335,0.8899318406612942,0.7142857142857144,0.17436177965970023,0.6605395590486252,-1.154721358842865,
